<?xml version="1.0" encoding="UTF-8"?>
<project-private xmlns="http://www.netbeans.org/ns/project-private/1">
    <editor-bookmarks xmlns="http://www.netbeans.org/ns/editor-bookmarks/2" lastBookmarkId="0"/>
    <open-files xmlns="http://www.netbeans.org/ns/projectui-open-files/2">
        <group>
            <file>file:/H:/PBO/Tugas4_123180179/Main/src/main/Main.java</file>
            <file>file:/H:/PBO/Tugas4_123180179/Main/src/main/Persegi.java</file>
            <file>file:/H:/PBO/Tugas4_123180179/Main/src/main/BangunDatar.java</file>
            <file>file:/H:/PBO/Tugas4_123180179/Main/src/main/PersegiPanjang.java</file>
            <file>file:/H:/PBO/Tugas4_123180179/Main/src/main/Balok.java</file>
            <file>file:/H:/PBO/Tugas4_123180179/Main/src/main/Kubus.java</file>
            <file>file:/H:/PBO/Tugas4_123180179/Main/src/main/Lingkaran.java</file>
            <file>file:/H:/PBO/Tugas4_123180179/Main/src/main/Silinder.java</file>
            <file>file:/H:/PBO/Tugas4_123180179/Main/src/main/Segitiga.java</file>
        </group>
    </open-files>
</project-private>
